{"cameraMode":{"drawMode":0,"name":"Shaded","section":"Shading Mode"},"sceneLighting":true,"audioPlay":false,"sceneViewState":{"showFog":true,"showMaterialUpdate":false,"showSkybox":true,"showFlares":true,"showImageEffects":true,"showParticleSystems":true},"in2DMode":false,"pivot":{"x":-5.381864070892334,"y":0.07031529396772385,"z":1.2105348110198975},"rotation":{"x":0.2007046937942505,"y":-0.3358914256095886,"z":0.07349040359258652,"w":0.917329728603363},"size":11.462617874145508,"orthographic":true}